CREATE DATABASE  IF NOT EXISTS `project3` /*!40100 DEFAULT CHARACTER SET utf8mb4 COLLATE utf8mb4_0900_ai_ci */ /*!80016 DEFAULT ENCRYPTION='N' */;
USE `project3`;
-- MySQL dump 10.13  Distrib 8.0.40, for Win64 (x86_64)
--
-- Host: 127.0.0.1    Database: project3
-- ------------------------------------------------------
-- Server version	8.0.40

/*!40101 SET @OLD_CHARACTER_SET_CLIENT=@@CHARACTER_SET_CLIENT */;
/*!40101 SET @OLD_CHARACTER_SET_RESULTS=@@CHARACTER_SET_RESULTS */;
/*!40101 SET @OLD_COLLATION_CONNECTION=@@COLLATION_CONNECTION */;
/*!50503 SET NAMES utf8 */;
/*!40103 SET @OLD_TIME_ZONE=@@TIME_ZONE */;
/*!40103 SET TIME_ZONE='+00:00' */;
/*!40014 SET @OLD_UNIQUE_CHECKS=@@UNIQUE_CHECKS, UNIQUE_CHECKS=0 */;
/*!40014 SET @OLD_FOREIGN_KEY_CHECKS=@@FOREIGN_KEY_CHECKS, FOREIGN_KEY_CHECKS=0 */;
/*!40101 SET @OLD_SQL_MODE=@@SQL_MODE, SQL_MODE='NO_AUTO_VALUE_ON_ZERO' */;
/*!40111 SET @OLD_SQL_NOTES=@@SQL_NOTES, SQL_NOTES=0 */;

--
-- Table structure for table `completed_sells`
--

DROP TABLE IF EXISTS `completed_sells`;
/*!40101 SET @saved_cs_client     = @@character_set_client */;
/*!50503 SET character_set_client = utf8mb4 */;
CREATE TABLE `completed_sells` (
  `sell_id` int NOT NULL AUTO_INCREMENT,
  `ticket_count` int NOT NULL,
  `extras_count` int NOT NULL,
  `total_price` int NOT NULL,
  `total_tax` int NOT NULL,
  `ticket` longblob NOT NULL,
  `invoice` longblob NOT NULL,
  PRIMARY KEY (`sell_id`)
) ENGINE=InnoDB DEFAULT CHARSET=utf8mb4 COLLATE=utf8mb4_0900_ai_ci;
/*!40101 SET character_set_client = @saved_cs_client */;

--
-- Dumping data for table `completed_sells`
--

LOCK TABLES `completed_sells` WRITE;
/*!40000 ALTER TABLE `completed_sells` DISABLE KEYS */;
/*!40000 ALTER TABLE `completed_sells` ENABLE KEYS */;
UNLOCK TABLES;

--
-- Table structure for table `discounts`
--

DROP TABLE IF EXISTS `discounts`;
/*!40101 SET @saved_cs_client     = @@character_set_client */;
/*!50503 SET character_set_client = utf8mb4 */;
CREATE TABLE `discounts` (
  `id` int NOT NULL AUTO_INCREMENT,
  `name` varchar(50) NOT NULL,
  `percentage` int NOT NULL,
  PRIMARY KEY (`id`)
) ENGINE=InnoDB AUTO_INCREMENT=2 DEFAULT CHARSET=utf8mb4 COLLATE=utf8mb4_0900_ai_ci;
/*!40101 SET character_set_client = @saved_cs_client */;

--
-- Dumping data for table `discounts`
--

LOCK TABLES `discounts` WRITE;
/*!40000 ALTER TABLE `discounts` DISABLE KEYS */;
INSERT INTO `discounts` VALUES (1,'age_discount',50);
/*!40000 ALTER TABLE `discounts` ENABLE KEYS */;
UNLOCK TABLES;

--
-- Table structure for table `halls`
--

DROP TABLE IF EXISTS `halls`;
/*!40101 SET @saved_cs_client     = @@character_set_client */;
/*!50503 SET character_set_client = utf8mb4 */;
CREATE TABLE `halls` (
  `hall_id` int NOT NULL AUTO_INCREMENT,
  `name` varchar(40) NOT NULL,
  `capacity` int NOT NULL,
  `seat_row_count` int NOT NULL,
  `seat_col_count` int NOT NULL,
  PRIMARY KEY (`hall_id`)
) ENGINE=InnoDB AUTO_INCREMENT=3 DEFAULT CHARSET=utf8mb4 COLLATE=utf8mb4_0900_ai_ci;
/*!40101 SET character_set_client = @saved_cs_client */;

--
-- Dumping data for table `halls`
--

LOCK TABLES `halls` WRITE;
/*!40000 ALTER TABLE `halls` DISABLE KEYS */;
INSERT INTO `halls` VALUES (1,'Hall_A',16,4,4),(2,'Hall_B',48,6,8);
/*!40000 ALTER TABLE `halls` ENABLE KEYS */;
UNLOCK TABLES;

--
-- Table structure for table `movies`
--

DROP TABLE IF EXISTS `movies`;
/*!40101 SET @saved_cs_client     = @@character_set_client */;
/*!50503 SET character_set_client = utf8mb4 */;
CREATE TABLE `movies` (
  `id` int NOT NULL AUTO_INCREMENT,
  `movieName` varchar(100) NOT NULL,
  `genre` varchar(50) NOT NULL,
  `summary` text NOT NULL,
  `posterLocation` varchar(150) NOT NULL,
  PRIMARY KEY (`id`),
  UNIQUE KEY `movieName` (`movieName`),
  UNIQUE KEY `posterLocation` (`posterLocation`)
) ENGINE=InnoDB AUTO_INCREMENT=14 DEFAULT CHARSET=utf8mb4 COLLATE=utf8mb4_0900_ai_ci;
/*!40101 SET character_set_client = @saved_cs_client */;

--
-- Dumping data for table `movies`
--

LOCK TABLES `movies` WRITE;
/*!40000 ALTER TABLE `movies` DISABLE KEYS */;
INSERT INTO `movies` VALUES (1,'Deadpool and Wolverine','Superhero','The film follows Deadpool as he learns that the Time Variance Authority (TVA) plans to destroy his universe. He teams up with a reluctant Wolverine from another universe to stop them.','photos/Deadpool_&_Wolverine_poster.jpg'),(2,'Inception','Science-Fiction','Inception (2010) follows Dom Cobb (Leonardo DiCaprio), a thief who enters dreams to steal secrets. He’s tasked with planting an idea in a target’s mind, but as he dives deeper into dreams, he faces challenges from his own subconscious, especially memories of his wife. The film explores reality, memory, and guilt.','photos/inception.jpg'),(3,'Predestination','Science-Fiction','Predestination (2014) follows a time-traveling agent (Ethan Hawke) trying to stop a criminal known as the \"Fizzle Bomber.\" He recruits a young recruit (Sarah Snook) to help, leading to surprising twists about identity and time travel.','photos/predestination.jpg'),(4,'The Purge: Election Year','Horror','The Purge: Election Year is a dystopian action-horror film. It follows Leo Barnes as he protects Senator Charlie Roan, a presidential candidate targeted during the Purge. Roan’s mission to end the violent event puts her in the crosshairs of the corrupt New Founding Fathers.','photos/purge.jpg'),(5,'Mad Max: Fury Road','Action','In a post-apocalyptic wasteland, Max teams up with Furiosa to escape a tyrannical warlord. Together, they lead a daring chase across the desert. High-octane action and stunning visuals drive this story of survival and rebellion.','photos/madmax.png'),(6,'John Wick','Action','A retired hitman seeks vengeance after gangsters kill his dog and steal his car. His quest reignites his legendary reputation in the criminal underworld. Stylish action and relentless fights define this revenge tale.','photos/johnwick.jpg'),(7,'Get Out\n','Horror','Chris, a Black man, visits his white girlfriend’s family, uncovering a sinister secret. As bizarre events unfold, he discovers a shocking truth about their intentions. A tense and thought-provoking psychological horror.','photos/getout.jpg'),(8,'The Conjuring\n','Horror','Paranormal investigators Ed and Lorraine Warren help a family plagued by dark forces in their farmhouse. They face chilling events and a malevolent entity. Based on a true story, it delivers spine-tingling scares.','photos/conjuring.jpg'),(9,'Superbad','Comedy','Two high school friends embark on a wild night to get alcohol for a party. Their misadventures include awkward encounters, fake IDs, and cops. A hilarious and heartfelt look at teenage friendship.','photos/superbad.jpg'),(10,'The Grand Budapest Hotel','Comedy','A concierge at a luxurious hotel is framed for murder and goes on the run with his lobby boy. Together, they unravel a web of intrigue and theft. Wes Anderson’s quirky humor shines in this delightful caper.','photos/budapesthotel.jpg'),(11,'Blade Runner 2049','Sci-Fi','In a dystopian future, a replicant blade runner uncovers a secret that could disrupt society. His search leads him to Rick Deckard, missing for decades. A visually stunning exploration of humanity and identity.','photos/bladerunner.jpg'),(12,'Spider-Man: Into the Spider-Verse','Animation','Teen Miles Morales becomes Spider-Man and meets other Spider-People from alternate universes. Together, they battle a villain threatening all dimensions. A vibrant and innovative take on the superhero genre.','photos/spiderman.jpg'),(13,'Coco','Animation','Miguel, a young boy passionate about music, journeys to the Land of the Dead. He uncovers family secrets while pursuing his dream to become a musician. A heartfelt celebration of culture and family.','photos/coco.jpeg');
/*!40000 ALTER TABLE `movies` ENABLE KEYS */;
UNLOCK TABLES;

--
-- Table structure for table `prices`
--

DROP TABLE IF EXISTS `prices`;
/*!40101 SET @saved_cs_client     = @@character_set_client */;
/*!50503 SET character_set_client = utf8mb4 */;
CREATE TABLE `prices` (
  `id` int NOT NULL AUTO_INCREMENT,
  `name` varchar(50) NOT NULL,
  `price` int NOT NULL,
  `stock` int NOT NULL,
  `photopath` varchar(100) NOT NULL,
  PRIMARY KEY (`id`)
) ENGINE=InnoDB AUTO_INCREMENT=5 DEFAULT CHARSET=utf8mb4 COLLATE=utf8mb4_0900_ai_ci;
/*!40101 SET character_set_client = @saved_cs_client */;

--
-- Dumping data for table `prices`
--

LOCK TABLES `prices` WRITE;
/*!40000 ALTER TABLE `prices` DISABLE KEYS */;
INSERT INTO `prices` VALUES (1,'beverage',25,102,'photos/beverage.png'),(2,'biscuit',35,100,'photos/biscuit.png'),(3,'toys',50,100,'photos/toys.png'),(4,'tickets',100,0,'');
/*!40000 ALTER TABLE `prices` ENABLE KEYS */;
UNLOCK TABLES;

--
-- Table structure for table `sessions`
--

DROP TABLE IF EXISTS `sessions`;
/*!40101 SET @saved_cs_client     = @@character_set_client */;
/*!50503 SET character_set_client = utf8mb4 */;
CREATE TABLE `sessions` (
  `schedule_id` int NOT NULL AUTO_INCREMENT,
  `movie_id` int NOT NULL,
  `hall_id` int NOT NULL,
  `schedule_date` date NOT NULL,
  `start_time` time NOT NULL,
  `available_seats` int NOT NULL,
  PRIMARY KEY (`schedule_id`),
  KEY `movie_id` (`movie_id`),
  KEY `hall_id` (`hall_id`),
  CONSTRAINT `sessions_ibfk_1` FOREIGN KEY (`movie_id`) REFERENCES `movies` (`id`) ON DELETE CASCADE,
  CONSTRAINT `sessions_ibfk_2` FOREIGN KEY (`hall_id`) REFERENCES `halls` (`hall_id`) ON DELETE CASCADE
) ENGINE=InnoDB AUTO_INCREMENT=827 DEFAULT CHARSET=utf8mb4 COLLATE=utf8mb4_0900_ai_ci;
/*!40101 SET character_set_client = @saved_cs_client */;

--
-- Dumping data for table `sessions`
--

LOCK TABLES `sessions` WRITE;
/*!40000 ALTER TABLE `sessions` DISABLE KEYS */;
INSERT INTO `sessions` VALUES (123,3,1,'2025-01-09','20:00:00',16),(124,4,2,'2025-01-09','20:00:00',48),(125,13,1,'2025-01-09','22:00:00',16),(126,6,2,'2025-01-09','22:00:00',48),(127,7,1,'2025-01-10','10:00:00',16),(128,10,2,'2025-01-10','10:00:00',48),(129,1,1,'2025-01-10','12:00:00',16),(130,2,2,'2025-01-10','12:00:00',48),(131,5,1,'2025-01-10','14:00:00',16),(132,13,2,'2025-01-10','14:00:00',48),(133,8,1,'2025-01-10','16:00:00',16),(134,4,2,'2025-01-10','16:00:00',48),(135,12,1,'2025-01-10','18:00:00',16),(136,3,2,'2025-01-10','18:00:00',48),(137,5,1,'2025-01-10','20:00:00',16),(138,9,2,'2025-01-10','20:00:00',48),(139,10,1,'2025-01-10','22:00:00',16),(140,8,2,'2025-01-10','22:00:00',48),(141,7,1,'2025-01-11','10:00:00',16),(142,13,2,'2025-01-11','10:00:00',48),(143,2,1,'2025-01-11','12:00:00',16),(144,1,2,'2025-01-11','12:00:00',48),(145,6,1,'2025-01-11','14:00:00',16),(146,10,2,'2025-01-11','14:00:00',48),(147,12,1,'2025-01-11','16:00:00',16),(148,5,2,'2025-01-11','16:00:00',48),(149,11,1,'2025-01-11','18:00:00',16),(150,9,2,'2025-01-11','18:00:00',48),(151,13,1,'2025-01-11','20:00:00',16),(152,6,2,'2025-01-11','20:00:00',48),(153,12,1,'2025-01-11','22:00:00',16),(154,3,2,'2025-01-11','22:00:00',48),(155,8,1,'2025-01-12','10:00:00',16),(156,7,2,'2025-01-12','10:00:00',48),(157,13,1,'2025-01-12','12:00:00',16),(158,1,2,'2025-01-12','12:00:00',48),(159,6,1,'2025-01-12','14:00:00',16),(160,5,2,'2025-01-12','14:00:00',48),(161,2,1,'2025-01-12','16:00:00',16),(162,12,2,'2025-01-12','16:00:00',48),(163,11,1,'2025-01-12','18:00:00',16),(164,3,2,'2025-01-12','18:00:00',48),(165,6,1,'2025-01-12','20:00:00',16),(166,9,2,'2025-01-12','20:00:00',48),(167,1,1,'2025-01-12','22:00:00',16),(168,10,2,'2025-01-12','22:00:00',48),(169,8,1,'2025-01-13','10:00:00',16),(170,12,2,'2025-01-13','10:00:00',48),(171,11,1,'2025-01-13','12:00:00',16),(172,6,2,'2025-01-13','12:00:00',48),(173,3,1,'2025-01-13','14:00:00',16),(174,13,2,'2025-01-13','14:00:00',48),(175,10,1,'2025-01-13','16:00:00',16),(176,7,2,'2025-01-13','16:00:00',48),(177,4,1,'2025-01-13','18:00:00',16),(178,1,2,'2025-01-13','18:00:00',48),(179,12,1,'2025-01-13','20:00:00',16),(180,6,2,'2025-01-13','20:00:00',48),(181,5,1,'2025-01-13','22:00:00',16),(182,7,2,'2025-01-13','22:00:00',48),(183,2,1,'2025-01-14','10:00:00',16),(184,1,2,'2025-01-14','10:00:00',48),(185,11,1,'2025-01-14','12:00:00',16),(186,12,2,'2025-01-14','12:00:00',48),(187,3,1,'2025-01-14','14:00:00',16),(188,7,2,'2025-01-14','14:00:00',48),(189,4,1,'2025-01-14','16:00:00',16),(190,9,2,'2025-01-14','16:00:00',48),(191,13,1,'2025-01-14','18:00:00',16),(192,1,2,'2025-01-14','18:00:00',48),(193,8,1,'2025-01-14','20:00:00',16),(194,5,2,'2025-01-14','20:00:00',48),(195,3,1,'2025-01-14','22:00:00',16),(196,2,2,'2025-01-14','22:00:00',48),(197,6,1,'2025-01-15','10:00:00',16),(198,1,2,'2025-01-15','10:00:00',48),(199,11,1,'2025-01-15','12:00:00',16),(200,4,2,'2025-01-15','12:00:00',48),(201,9,1,'2025-01-15','14:00:00',16),(202,13,2,'2025-01-15','14:00:00',48),(203,5,1,'2025-01-15','16:00:00',16),(204,3,2,'2025-01-15','16:00:00',48),(205,2,1,'2025-01-15','18:00:00',16),(206,1,2,'2025-01-15','18:00:00',48),(207,7,1,'2025-01-15','20:00:00',16),(208,13,2,'2025-01-15','20:00:00',48),(209,12,1,'2025-01-15','22:00:00',16),(210,9,2,'2025-01-15','22:00:00',48),(211,8,1,'2025-01-16','10:00:00',16),(212,11,2,'2025-01-16','10:00:00',48),(213,7,1,'2025-01-16','12:00:00',16),(214,3,2,'2025-01-16','12:00:00',48),(215,12,1,'2025-01-16','14:00:00',16),(216,2,2,'2025-01-16','14:00:00',48),(217,9,1,'2025-01-16','16:00:00',16),(218,13,2,'2025-01-16','16:00:00',48),(219,11,1,'2025-01-16','18:00:00',16),(220,7,2,'2025-01-16','18:00:00',48),(221,10,1,'2025-01-16','20:00:00',16),(222,8,2,'2025-01-16','20:00:00',48),(223,9,1,'2025-01-16','22:00:00',16),(224,5,2,'2025-01-16','22:00:00',48),(225,11,1,'2025-01-17','10:00:00',16),(226,13,2,'2025-01-17','10:00:00',48),(227,7,1,'2025-01-17','12:00:00',16),(228,2,2,'2025-01-17','12:00:00',48),(229,6,1,'2025-01-17','14:00:00',16),(230,9,2,'2025-01-17','14:00:00',48),(231,5,1,'2025-01-17','16:00:00',16),(232,8,2,'2025-01-17','16:00:00',48),(233,11,1,'2025-01-17','18:00:00',16),(234,2,2,'2025-01-17','18:00:00',48),(235,10,1,'2025-01-17','20:00:00',16),(236,3,2,'2025-01-17','20:00:00',48),(237,12,1,'2025-01-17','22:00:00',16),(238,6,2,'2025-01-17','22:00:00',48),(239,5,1,'2025-01-18','10:00:00',16),(240,13,2,'2025-01-18','10:00:00',48),(241,10,1,'2025-01-18','12:00:00',16),(242,8,2,'2025-01-18','12:00:00',48),(243,1,1,'2025-01-18','14:00:00',16),(244,3,2,'2025-01-18','14:00:00',48),(245,5,1,'2025-01-18','16:00:00',16),(246,2,2,'2025-01-18','16:00:00',48),(247,10,1,'2025-01-18','18:00:00',16),(248,13,2,'2025-01-18','18:00:00',48),(249,4,1,'2025-01-18','20:00:00',16),(250,12,2,'2025-01-18','20:00:00',48),(251,7,1,'2025-01-18','22:00:00',16),(252,6,2,'2025-01-18','22:00:00',48),(253,1,1,'2025-01-19','10:00:00',16),(254,10,2,'2025-01-19','10:00:00',48),(255,9,1,'2025-01-19','12:00:00',16),(256,5,2,'2025-01-19','12:00:00',48),(257,4,1,'2025-01-19','14:00:00',16),(258,12,2,'2025-01-19','14:00:00',48),(259,3,1,'2025-01-19','16:00:00',16),(260,2,2,'2025-01-19','16:00:00',48),(261,10,1,'2025-01-19','18:00:00',16),(262,7,2,'2025-01-19','18:00:00',48),(263,9,1,'2025-01-19','20:00:00',16),(264,13,2,'2025-01-19','20:00:00',48),(265,3,1,'2025-01-19','22:00:00',16),(266,2,2,'2025-01-19','22:00:00',48),(267,5,1,'2025-01-20','10:00:00',16),(268,12,2,'2025-01-20','10:00:00',48),(269,10,1,'2025-01-20','12:00:00',16),(270,6,2,'2025-01-20','12:00:00',48),(271,4,1,'2025-01-20','14:00:00',16),(272,13,2,'2025-01-20','14:00:00',48),(273,9,1,'2025-01-20','16:00:00',16),(274,5,2,'2025-01-20','16:00:00',48),(275,11,1,'2025-01-20','18:00:00',16),(276,6,2,'2025-01-20','18:00:00',48),(277,1,1,'2025-01-20','20:00:00',16),(278,3,2,'2025-01-20','20:00:00',48),(279,4,1,'2025-01-20','22:00:00',16),(280,7,2,'2025-01-20','22:00:00',48),(281,5,1,'2025-01-21','10:00:00',16),(282,11,2,'2025-01-21','10:00:00',48),(283,1,1,'2025-01-21','12:00:00',16),(284,9,2,'2025-01-21','12:00:00',48),(285,8,1,'2025-01-21','14:00:00',16),(286,6,2,'2025-01-21','14:00:00',48),(287,3,1,'2025-01-21','16:00:00',16),(288,7,2,'2025-01-21','16:00:00',48),(289,10,1,'2025-01-21','18:00:00',16),(290,4,2,'2025-01-21','18:00:00',48),(291,12,1,'2025-01-21','20:00:00',16),(292,1,2,'2025-01-21','20:00:00',48),(293,13,1,'2025-01-21','22:00:00',16),(294,5,2,'2025-01-21','22:00:00',48),(295,6,1,'2025-01-22','10:00:00',16),(296,2,2,'2025-01-22','10:00:00',48),(297,3,1,'2025-01-22','12:00:00',16),(298,11,2,'2025-01-22','12:00:00',48),(299,4,1,'2025-01-22','14:00:00',16),(300,9,2,'2025-01-22','14:00:00',48),(301,5,1,'2025-01-22','16:00:00',16),(302,10,2,'2025-01-22','16:00:00',48),(303,12,1,'2025-01-22','18:00:00',16),(304,1,2,'2025-01-22','18:00:00',48),(305,2,1,'2025-01-22','20:00:00',16),(306,8,2,'2025-01-22','20:00:00',48),(307,9,1,'2025-01-22','22:00:00',16),(308,5,2,'2025-01-22','22:00:00',48),(309,3,1,'2025-01-23','10:00:00',16),(310,1,2,'2025-01-23','10:00:00',48),(311,4,1,'2025-01-23','12:00:00',16),(312,8,2,'2025-01-23','12:00:00',48),(313,13,1,'2025-01-23','14:00:00',16),(314,12,2,'2025-01-23','14:00:00',48),(315,11,1,'2025-01-23','16:00:00',16),(316,6,2,'2025-01-23','16:00:00',48),(317,10,1,'2025-01-23','18:00:00',16),(318,7,2,'2025-01-23','18:00:00',48),(319,4,1,'2025-01-23','20:00:00',16),(320,9,2,'2025-01-23','20:00:00',48),(321,1,1,'2025-01-23','22:00:00',16),(322,3,2,'2025-01-23','22:00:00',48),(323,2,1,'2025-01-24','10:00:00',16),(324,10,2,'2025-01-24','10:00:00',48),(325,13,1,'2025-01-24','12:00:00',16),(326,6,2,'2025-01-24','12:00:00',48),(327,4,1,'2025-01-24','14:00:00',16),(328,1,2,'2025-01-24','14:00:00',48),(329,11,1,'2025-01-24','16:00:00',16),(330,5,2,'2025-01-24','16:00:00',48),(331,13,1,'2025-01-24','18:00:00',16),(332,12,2,'2025-01-24','18:00:00',48),(333,8,1,'2025-01-24','20:00:00',16),(334,1,2,'2025-01-24','20:00:00',48),(335,10,1,'2025-01-24','22:00:00',16),(336,2,2,'2025-01-24','22:00:00',48),(337,11,1,'2025-01-25','10:00:00',16),(338,9,2,'2025-01-25','10:00:00',48),(339,7,1,'2025-01-25','12:00:00',16),(340,3,2,'2025-01-25','12:00:00',48),(341,1,1,'2025-01-25','14:00:00',16),(342,8,2,'2025-01-25','14:00:00',48),(343,2,1,'2025-01-25','16:00:00',16),(344,13,2,'2025-01-25','16:00:00',48),(345,7,1,'2025-01-25','18:00:00',16),(346,4,2,'2025-01-25','18:00:00',48),(347,11,1,'2025-01-25','20:00:00',16),(348,5,2,'2025-01-25','20:00:00',48),(349,10,1,'2025-01-25','22:00:00',16),(350,8,2,'2025-01-25','22:00:00',48),(351,13,1,'2025-01-26','10:00:00',16),(352,7,2,'2025-01-26','10:00:00',48),(353,11,1,'2025-01-26','12:00:00',16),(354,1,2,'2025-01-26','12:00:00',48),(355,10,1,'2025-01-26','14:00:00',16),(356,4,2,'2025-01-26','14:00:00',48),(357,5,1,'2025-01-26','16:00:00',16),(358,8,2,'2025-01-26','16:00:00',48),(359,6,1,'2025-01-26','18:00:00',16),(360,3,2,'2025-01-26','18:00:00',48),(361,11,1,'2025-01-26','20:00:00',16),(362,7,2,'2025-01-26','20:00:00',48),(363,9,1,'2025-01-26','22:00:00',16),(364,2,2,'2025-01-26','22:00:00',48),(365,12,1,'2025-01-27','10:00:00',16),(366,5,2,'2025-01-27','10:00:00',48),(367,10,1,'2025-01-27','12:00:00',16),(368,3,2,'2025-01-27','12:00:00',48),(369,9,1,'2025-01-27','14:00:00',16),(370,4,2,'2025-01-27','14:00:00',48),(371,6,1,'2025-01-27','16:00:00',16),(372,5,2,'2025-01-27','16:00:00',48),(373,10,1,'2025-01-27','18:00:00',16),(374,13,2,'2025-01-27','18:00:00',48),(375,12,1,'2025-01-27','20:00:00',16),(376,3,2,'2025-01-27','20:00:00',48),(377,2,1,'2025-01-27','22:00:00',16),(378,4,2,'2025-01-27','22:00:00',48),(379,6,1,'2025-01-28','10:00:00',16),(380,7,2,'2025-01-28','10:00:00',48),(381,5,1,'2025-01-28','12:00:00',16),(382,12,2,'2025-01-28','12:00:00',48),(383,2,1,'2025-01-28','14:00:00',16),(384,3,2,'2025-01-28','14:00:00',48),(385,9,1,'2025-01-28','16:00:00',16),(386,11,2,'2025-01-28','16:00:00',48),(387,10,1,'2025-01-28','18:00:00',16),(388,7,2,'2025-01-28','18:00:00',48),(389,4,1,'2025-01-28','20:00:00',16),(390,5,2,'2025-01-28','20:00:00',48),(391,1,1,'2025-01-28','22:00:00',16),(392,13,2,'2025-01-28','22:00:00',48),(393,6,1,'2025-01-29','10:00:00',16),(394,10,2,'2025-01-29','10:00:00',48),(395,2,1,'2025-01-29','12:00:00',16),(396,12,2,'2025-01-29','12:00:00',48),(397,5,1,'2025-01-29','14:00:00',16),(398,4,2,'2025-01-29','14:00:00',48),(399,8,1,'2025-01-29','16:00:00',16),(400,9,2,'2025-01-29','16:00:00',48),(401,1,1,'2025-01-29','18:00:00',16),(402,10,2,'2025-01-29','18:00:00',48),(403,7,1,'2025-01-29','20:00:00',16),(404,4,2,'2025-01-29','20:00:00',48),(405,5,1,'2025-01-29','22:00:00',16),(406,12,2,'2025-01-29','22:00:00',48),(407,13,1,'2025-01-30','10:00:00',16),(408,11,2,'2025-01-30','10:00:00',48),(409,9,1,'2025-01-30','12:00:00',16),(410,7,2,'2025-01-30','12:00:00',48),(411,10,1,'2025-01-30','14:00:00',16),(412,8,2,'2025-01-30','14:00:00',48),(413,3,1,'2025-01-30','16:00:00',16),(414,12,2,'2025-01-30','16:00:00',48),(415,4,1,'2025-01-30','18:00:00',16),(416,5,2,'2025-01-30','18:00:00',48),(417,1,1,'2025-01-30','20:00:00',16),(418,11,2,'2025-01-30','20:00:00',48),(419,8,1,'2025-01-30','22:00:00',16),(420,6,2,'2025-01-30','22:00:00',48),(421,4,1,'2025-01-31','10:00:00',16),(422,13,2,'2025-01-31','10:00:00',48),(423,1,1,'2025-01-31','12:00:00',16),(424,9,2,'2025-01-31','12:00:00',48),(425,12,1,'2025-01-31','14:00:00',16),(426,6,2,'2025-01-31','14:00:00',48),(427,7,1,'2025-01-31','16:00:00',16),(428,3,2,'2025-01-31','16:00:00',48),(429,8,1,'2025-01-31','18:00:00',16),(430,13,2,'2025-01-31','18:00:00',48),(431,1,1,'2025-01-31','20:00:00',16),(432,5,2,'2025-01-31','20:00:00',48),(433,4,1,'2025-01-31','22:00:00',16),(434,2,2,'2025-01-31','22:00:00',48),(435,6,1,'2025-02-01','10:00:00',16),(436,12,2,'2025-02-01','10:00:00',48),(437,11,1,'2025-02-01','12:00:00',16),(438,5,2,'2025-02-01','12:00:00',48),(439,10,1,'2025-02-01','14:00:00',16),(440,3,2,'2025-02-01','14:00:00',48),(441,13,1,'2025-02-01','16:00:00',16),(442,4,2,'2025-02-01','16:00:00',48),(443,11,1,'2025-02-01','18:00:00',16),(444,1,2,'2025-02-01','18:00:00',48),(445,2,1,'2025-02-01','20:00:00',16),(446,6,2,'2025-02-01','20:00:00',48),(447,7,1,'2025-02-01','22:00:00',16),(448,10,2,'2025-02-01','22:00:00',48),(449,3,1,'2025-02-02','10:00:00',16),(450,13,2,'2025-02-02','10:00:00',48),(451,4,1,'2025-02-02','12:00:00',16),(452,8,2,'2025-02-02','12:00:00',48),(453,2,1,'2025-02-02','14:00:00',16),(454,7,2,'2025-02-02','14:00:00',48),(455,1,1,'2025-02-02','16:00:00',16),(456,9,2,'2025-02-02','16:00:00',48),(457,3,1,'2025-02-02','18:00:00',16),(458,12,2,'2025-02-02','18:00:00',48),(459,10,1,'2025-02-02','20:00:00',16),(460,8,2,'2025-02-02','20:00:00',48),(461,5,1,'2025-02-02','22:00:00',16),(462,4,2,'2025-02-02','22:00:00',48),(463,11,1,'2025-02-03','10:00:00',16),(464,12,2,'2025-02-03','10:00:00',48),(465,3,1,'2025-02-03','12:00:00',16),(466,13,2,'2025-02-03','12:00:00',48),(467,6,1,'2025-02-03','14:00:00',16),(468,2,2,'2025-02-03','14:00:00',48),(469,4,1,'2025-02-03','16:00:00',16),(470,5,2,'2025-02-03','16:00:00',48),(471,10,1,'2025-02-03','18:00:00',16),(472,3,2,'2025-02-03','18:00:00',48),(473,7,1,'2025-02-03','20:00:00',16),(474,8,2,'2025-02-03','20:00:00',48),(475,6,1,'2025-02-03','22:00:00',16),(476,1,2,'2025-02-03','22:00:00',48),(477,9,1,'2025-02-04','10:00:00',16),(478,10,2,'2025-02-04','10:00:00',48),(479,7,1,'2025-02-04','12:00:00',16),(480,11,2,'2025-02-04','12:00:00',48),(481,13,1,'2025-02-04','14:00:00',16),(482,12,2,'2025-02-04','14:00:00',48),(483,1,1,'2025-02-04','16:00:00',16),(484,5,2,'2025-02-04','16:00:00',48),(485,10,1,'2025-02-04','18:00:00',16),(486,2,2,'2025-02-04','18:00:00',48),(487,9,1,'2025-02-04','20:00:00',16),(488,13,2,'2025-02-04','20:00:00',48),(489,1,1,'2025-02-04','22:00:00',16),(490,6,2,'2025-02-04','22:00:00',48),(491,10,1,'2025-02-05','10:00:00',16),(492,3,2,'2025-02-05','10:00:00',48),(493,12,1,'2025-02-05','12:00:00',16),(494,4,2,'2025-02-05','12:00:00',48),(495,1,1,'2025-02-05','14:00:00',16),(496,11,2,'2025-02-05','14:00:00',48),(497,8,1,'2025-02-05','16:00:00',16),(498,9,2,'2025-02-05','16:00:00',48),(499,10,1,'2025-02-05','18:00:00',16),(500,7,2,'2025-02-05','18:00:00',48),(501,6,1,'2025-02-05','20:00:00',16),(502,13,2,'2025-02-05','20:00:00',48),(503,5,1,'2025-02-05','22:00:00',16),(504,1,2,'2025-02-05','22:00:00',48),(505,3,1,'2025-02-06','10:00:00',16),(506,12,2,'2025-02-06','10:00:00',48),(507,8,1,'2025-02-06','12:00:00',16),(508,6,2,'2025-02-06','12:00:00',48),(509,9,1,'2025-02-06','14:00:00',16),(510,7,2,'2025-02-06','14:00:00',48),(511,4,1,'2025-02-06','16:00:00',16),(512,5,2,'2025-02-06','16:00:00',48),(513,3,1,'2025-02-06','18:00:00',16),(514,8,2,'2025-02-06','18:00:00',48),(515,6,1,'2025-02-06','20:00:00',16),(516,12,2,'2025-02-06','20:00:00',48),(517,1,1,'2025-02-06','22:00:00',16),(518,5,2,'2025-02-06','22:00:00',48),(519,13,1,'2025-02-07','10:00:00',16),(520,8,2,'2025-02-07','10:00:00',48),(521,2,1,'2025-02-07','12:00:00',16),(522,4,2,'2025-02-07','12:00:00',48),(523,1,1,'2025-02-07','14:00:00',16),(524,12,2,'2025-02-07','14:00:00',48),(525,13,1,'2025-02-07','16:00:00',16),(526,3,2,'2025-02-07','16:00:00',48),(527,7,1,'2025-02-07','18:00:00',16),(528,9,2,'2025-02-07','18:00:00',48),(529,5,1,'2025-02-07','20:00:00',16),(530,6,2,'2025-02-07','20:00:00',48),(531,10,1,'2025-02-07','22:00:00',16),(532,12,2,'2025-02-07','22:00:00',48),(533,2,1,'2025-02-08','10:00:00',16),(534,3,2,'2025-02-08','10:00:00',48),(535,7,1,'2025-02-08','12:00:00',16),(536,6,2,'2025-02-08','12:00:00',48),(537,4,1,'2025-02-08','14:00:00',16),(538,5,2,'2025-02-08','14:00:00',48),(539,12,1,'2025-02-08','16:00:00',16),(540,3,2,'2025-02-08','16:00:00',48),(541,1,1,'2025-02-08','18:00:00',16),(542,6,2,'2025-02-08','18:00:00',48),(543,8,1,'2025-02-08','20:00:00',16),(544,10,2,'2025-02-08','20:00:00',48),(545,13,1,'2025-02-08','22:00:00',16),(546,3,2,'2025-02-08','22:00:00',48),(547,12,1,'2025-02-09','10:00:00',16),(548,5,2,'2025-02-09','10:00:00',48),(549,9,1,'2025-02-09','12:00:00',16),(550,4,2,'2025-02-09','12:00:00',48),(551,1,1,'2025-02-09','14:00:00',16),(552,3,2,'2025-02-09','14:00:00',48),(553,12,1,'2025-02-09','16:00:00',16),(554,11,2,'2025-02-09','16:00:00',48),(555,9,1,'2025-02-09','18:00:00',16),(556,8,2,'2025-02-09','18:00:00',48),(557,6,1,'2025-02-09','20:00:00',16),(558,13,2,'2025-02-09','20:00:00',48),(559,5,1,'2025-02-09','22:00:00',16),(560,1,2,'2025-02-09','22:00:00',48),(561,10,1,'2025-02-10','10:00:00',16),(562,7,2,'2025-02-10','10:00:00',48),(563,12,1,'2025-02-10','12:00:00',16),(564,6,2,'2025-02-10','12:00:00',48),(565,13,1,'2025-02-10','14:00:00',16),(566,8,2,'2025-02-10','14:00:00',48),(567,3,1,'2025-02-10','16:00:00',16),(568,2,2,'2025-02-10','16:00:00',48),(569,12,1,'2025-02-10','18:00:00',16),(570,4,2,'2025-02-10','18:00:00',48),(571,6,1,'2025-02-10','20:00:00',16),(572,13,2,'2025-02-10','20:00:00',48),(573,1,1,'2025-02-10','22:00:00',16),(574,10,2,'2025-02-10','22:00:00',48),(575,2,1,'2025-02-11','10:00:00',16),(576,9,2,'2025-02-11','10:00:00',48),(577,4,1,'2025-02-11','12:00:00',16),(578,7,2,'2025-02-11','12:00:00',48),(579,11,1,'2025-02-11','14:00:00',16),(580,1,2,'2025-02-11','14:00:00',48),(581,5,1,'2025-02-11','16:00:00',16),(582,10,2,'2025-02-11','16:00:00',48),(583,3,1,'2025-02-11','18:00:00',16),(584,13,2,'2025-02-11','18:00:00',48),(585,4,1,'2025-02-11','20:00:00',16),(586,1,2,'2025-02-11','20:00:00',48),(587,5,1,'2025-02-11','22:00:00',16),(588,12,2,'2025-02-11','22:00:00',48),(589,3,1,'2025-02-12','10:00:00',16),(590,2,2,'2025-02-12','10:00:00',48),(591,11,1,'2025-02-12','12:00:00',16),(592,7,2,'2025-02-12','12:00:00',48),(593,13,1,'2025-02-12','14:00:00',16),(594,9,2,'2025-02-12','14:00:00',48),(595,8,1,'2025-02-12','16:00:00',16),(596,2,2,'2025-02-12','16:00:00',48),(597,11,1,'2025-02-12','18:00:00',16),(598,4,2,'2025-02-12','18:00:00',48),(599,5,1,'2025-02-12','20:00:00',16),(600,9,2,'2025-02-12','20:00:00',48),(601,7,1,'2025-02-12','22:00:00',16),(602,3,2,'2025-02-12','22:00:00',48),(603,6,1,'2025-02-13','10:00:00',16),(604,4,2,'2025-02-13','10:00:00',48),(605,13,1,'2025-02-13','12:00:00',16),(606,1,2,'2025-02-13','12:00:00',48),(607,5,1,'2025-02-13','14:00:00',16),(608,9,2,'2025-02-13','14:00:00',48),(609,8,1,'2025-02-13','16:00:00',16),(610,3,2,'2025-02-13','16:00:00',48),(611,10,1,'2025-02-13','18:00:00',16),(612,6,2,'2025-02-13','18:00:00',48),(613,4,1,'2025-02-13','20:00:00',16),(614,12,2,'2025-02-13','20:00:00',48),(615,11,1,'2025-02-13','22:00:00',16),(616,8,2,'2025-02-13','22:00:00',48),(617,7,1,'2025-02-14','10:00:00',16),(618,13,2,'2025-02-14','10:00:00',48),(619,3,1,'2025-02-14','12:00:00',16),(620,10,2,'2025-02-14','12:00:00',48),(621,2,1,'2025-02-14','14:00:00',16),(622,9,2,'2025-02-14','14:00:00',48),(623,6,1,'2025-02-14','16:00:00',16),(624,5,2,'2025-02-14','16:00:00',48),(625,8,1,'2025-02-14','18:00:00',16),(626,3,2,'2025-02-14','18:00:00',48),(627,12,1,'2025-02-14','20:00:00',16),(628,1,2,'2025-02-14','20:00:00',48),(629,4,1,'2025-02-14','22:00:00',16),(630,13,2,'2025-02-14','22:00:00',48),(631,11,1,'2025-02-15','10:00:00',16),(632,10,2,'2025-02-15','10:00:00',48),(633,12,1,'2025-02-15','12:00:00',16),(634,1,2,'2025-02-15','12:00:00',48),(635,2,1,'2025-02-15','14:00:00',16),(636,5,2,'2025-02-15','14:00:00',48),(637,3,1,'2025-02-15','16:00:00',16),(638,9,2,'2025-02-15','16:00:00',48),(639,7,1,'2025-02-15','18:00:00',16),(640,4,2,'2025-02-15','18:00:00',48),(641,6,1,'2025-02-15','20:00:00',16),(642,5,2,'2025-02-15','20:00:00',48),(643,2,1,'2025-02-15','22:00:00',16),(644,10,2,'2025-02-15','22:00:00',48),(645,12,1,'2025-02-16','10:00:00',16),(646,7,2,'2025-02-16','10:00:00',48),(647,13,1,'2025-02-16','12:00:00',16),(648,4,2,'2025-02-16','12:00:00',48),(649,2,1,'2025-02-16','14:00:00',16),(650,9,2,'2025-02-16','14:00:00',48),(651,5,1,'2025-02-16','16:00:00',16),(652,8,2,'2025-02-16','16:00:00',48),(653,11,1,'2025-02-16','18:00:00',16),(654,12,2,'2025-02-16','18:00:00',48),(655,3,1,'2025-02-16','20:00:00',16),(656,9,2,'2025-02-16','20:00:00',48),(657,1,1,'2025-02-16','22:00:00',16),(658,13,2,'2025-02-16','22:00:00',48),(659,5,1,'2025-02-17','10:00:00',16),(660,6,2,'2025-02-17','10:00:00',48),(661,10,1,'2025-02-17','12:00:00',16),(662,4,2,'2025-02-17','12:00:00',48),(663,8,1,'2025-02-17','14:00:00',16),(664,7,2,'2025-02-17','14:00:00',48),(665,1,1,'2025-02-17','16:00:00',16),(666,13,2,'2025-02-17','16:00:00',48),(667,5,1,'2025-02-17','18:00:00',16),(668,9,2,'2025-02-17','18:00:00',48),(669,4,1,'2025-02-17','20:00:00',16),(670,8,2,'2025-02-17','20:00:00',48),(671,6,1,'2025-02-17','22:00:00',16),(672,3,2,'2025-02-17','22:00:00',48),(673,10,1,'2025-02-18','10:00:00',16),(674,5,2,'2025-02-18','10:00:00',48),(675,9,1,'2025-02-18','12:00:00',16),(676,11,2,'2025-02-18','12:00:00',48),(677,4,1,'2025-02-18','14:00:00',16),(678,2,2,'2025-02-18','14:00:00',48),(679,13,1,'2025-02-18','16:00:00',16),(680,8,2,'2025-02-18','16:00:00',48),(681,5,1,'2025-02-18','18:00:00',16),(682,10,2,'2025-02-18','18:00:00',48),(683,9,1,'2025-02-18','20:00:00',16),(684,3,2,'2025-02-18','20:00:00',48),(685,12,1,'2025-02-18','22:00:00',16),(686,4,2,'2025-02-18','22:00:00',48),(687,2,1,'2025-02-19','10:00:00',16),(688,7,2,'2025-02-19','10:00:00',48),(689,6,1,'2025-02-19','12:00:00',16),(690,11,2,'2025-02-19','12:00:00',48),(691,1,1,'2025-02-19','14:00:00',16),(692,4,2,'2025-02-19','14:00:00',48),(693,10,1,'2025-02-19','16:00:00',16),(694,8,2,'2025-02-19','16:00:00',48),(695,5,1,'2025-02-19','18:00:00',16),(696,11,2,'2025-02-19','18:00:00',48),(697,13,1,'2025-02-19','20:00:00',16),(698,4,2,'2025-02-19','20:00:00',48),(699,12,1,'2025-02-19','22:00:00',16),(700,9,2,'2025-02-19','22:00:00',48),(701,3,1,'2025-02-20','10:00:00',16),(702,1,2,'2025-02-20','10:00:00',48),(703,5,1,'2025-02-20','12:00:00',16),(704,7,2,'2025-02-20','12:00:00',48),(705,13,1,'2025-02-20','14:00:00',16),(706,11,2,'2025-02-20','14:00:00',48),(707,12,1,'2025-02-20','16:00:00',16),(708,6,2,'2025-02-20','16:00:00',48),(709,2,1,'2025-02-20','18:00:00',16),(710,3,2,'2025-02-20','18:00:00',48),(711,13,1,'2025-02-20','20:00:00',16),(712,7,2,'2025-02-20','20:00:00',48),(713,9,1,'2025-02-20','22:00:00',16),(714,10,2,'2025-02-20','22:00:00',48),(715,2,1,'2025-02-21','10:00:00',16),(716,11,2,'2025-02-21','10:00:00',48),(717,3,1,'2025-02-21','12:00:00',16),(718,13,2,'2025-02-21','12:00:00',48),(719,4,1,'2025-02-21','14:00:00',16),(720,9,2,'2025-02-21','14:00:00',48),(721,6,1,'2025-02-21','16:00:00',16),(722,7,2,'2025-02-21','16:00:00',48),(723,2,1,'2025-02-21','18:00:00',16),(724,5,2,'2025-02-21','18:00:00',48),(725,4,1,'2025-02-21','20:00:00',16),(726,11,2,'2025-02-21','20:00:00',48),(727,13,1,'2025-02-21','22:00:00',16),(728,6,2,'2025-02-21','22:00:00',48),(729,7,1,'2025-02-22','10:00:00',16),(730,9,2,'2025-02-22','10:00:00',48),(731,12,1,'2025-02-22','12:00:00',16),(732,10,2,'2025-02-22','12:00:00',48),(733,11,1,'2025-02-22','14:00:00',16),(734,1,2,'2025-02-22','14:00:00',48),(735,7,1,'2025-02-22','16:00:00',16),(736,13,2,'2025-02-22','16:00:00',48),(737,3,1,'2025-02-22','18:00:00',16),(738,4,2,'2025-02-22','18:00:00',48),(739,8,1,'2025-02-22','20:00:00',16),(740,12,2,'2025-02-22','20:00:00',48),(741,7,1,'2025-02-22','22:00:00',16),(742,2,2,'2025-02-22','22:00:00',48),(743,13,1,'2025-02-23','10:00:00',16),(744,5,2,'2025-02-23','10:00:00',48),(745,3,1,'2025-02-23','12:00:00',16),(746,6,2,'2025-02-23','12:00:00',48),(747,7,1,'2025-02-23','14:00:00',16),(748,12,2,'2025-02-23','14:00:00',48),(749,11,1,'2025-02-23','16:00:00',16),(750,4,2,'2025-02-23','16:00:00',48),(751,9,1,'2025-02-23','18:00:00',16),(752,5,2,'2025-02-23','18:00:00',48),(753,8,1,'2025-02-23','20:00:00',16),(754,12,2,'2025-02-23','20:00:00',48),(755,13,1,'2025-02-23','22:00:00',16),(756,3,2,'2025-02-23','22:00:00',48),(757,2,1,'2025-02-24','10:00:00',16),(758,1,2,'2025-02-24','10:00:00',48),(759,4,1,'2025-02-24','12:00:00',16),(760,7,2,'2025-02-24','12:00:00',48),(761,11,1,'2025-02-24','14:00:00',16),(762,8,2,'2025-02-24','14:00:00',48),(763,13,1,'2025-02-24','16:00:00',16),(764,2,2,'2025-02-24','16:00:00',48),(765,12,1,'2025-02-24','18:00:00',16),(766,1,2,'2025-02-24','18:00:00',48),(767,7,1,'2025-02-24','20:00:00',16),(768,4,2,'2025-02-24','20:00:00',48),(769,10,1,'2025-02-24','22:00:00',16),(770,6,2,'2025-02-24','22:00:00',48),(771,11,1,'2025-02-25','10:00:00',16),(772,12,2,'2025-02-25','10:00:00',48),(773,2,1,'2025-02-25','12:00:00',16),(774,5,2,'2025-02-25','12:00:00',48),(775,1,1,'2025-02-25','14:00:00',16),(776,9,2,'2025-02-25','14:00:00',48),(777,3,1,'2025-02-25','16:00:00',16),(778,7,2,'2025-02-25','16:00:00',48),(779,12,1,'2025-02-25','18:00:00',16),(780,6,2,'2025-02-25','18:00:00',48),(781,5,1,'2025-02-25','20:00:00',16),(782,9,2,'2025-02-25','20:00:00',48),(783,8,1,'2025-02-25','22:00:00',16),(784,10,2,'2025-02-25','22:00:00',48),(785,12,1,'2025-02-26','10:00:00',16),(786,13,2,'2025-02-26','10:00:00',48),(787,2,1,'2025-02-26','12:00:00',16),(788,11,2,'2025-02-26','12:00:00',48),(789,6,1,'2025-02-26','14:00:00',16),(790,10,2,'2025-02-26','14:00:00',48),(791,12,1,'2025-02-26','16:00:00',16),(792,7,2,'2025-02-26','16:00:00',48),(793,2,1,'2025-02-26','18:00:00',16),(794,1,2,'2025-02-26','18:00:00',48),(795,3,1,'2025-02-26','20:00:00',16),(796,8,2,'2025-02-26','20:00:00',48),(797,4,1,'2025-02-26','22:00:00',16),(798,13,2,'2025-02-26','22:00:00',48),(799,6,1,'2025-02-27','10:00:00',16),(800,7,2,'2025-02-27','10:00:00',48),(801,1,1,'2025-02-27','12:00:00',16),(802,9,2,'2025-02-27','12:00:00',48),(803,2,1,'2025-02-27','14:00:00',16),(804,10,2,'2025-02-27','14:00:00',48),(805,5,1,'2025-02-27','16:00:00',16),(806,4,2,'2025-02-27','16:00:00',48),(807,8,1,'2025-02-27','18:00:00',16),(808,1,2,'2025-02-27','18:00:00',48),(809,2,1,'2025-02-27','20:00:00',16),(810,3,2,'2025-02-27','20:00:00',48),(811,12,1,'2025-02-27','22:00:00',16),(812,10,2,'2025-02-27','22:00:00',48),(813,9,1,'2025-02-28','10:00:00',16),(814,1,2,'2025-02-28','10:00:00',48),(815,7,1,'2025-02-28','12:00:00',16),(816,5,2,'2025-02-28','12:00:00',48),(817,8,1,'2025-02-28','14:00:00',16),(818,4,2,'2025-02-28','14:00:00',48),(819,3,1,'2025-02-28','16:00:00',16),(820,1,2,'2025-02-28','16:00:00',48),(821,9,1,'2025-02-28','18:00:00',16),(822,10,2,'2025-02-28','18:00:00',48),(823,13,1,'2025-02-28','20:00:00',16),(824,8,2,'2025-02-28','20:00:00',48),(825,5,1,'2025-02-28','22:00:00',16),(826,6,2,'2025-02-28','22:00:00',48);
/*!40000 ALTER TABLE `sessions` ENABLE KEYS */;
UNLOCK TABLES;

--
-- Table structure for table `sold_extras`
--

DROP TABLE IF EXISTS `sold_extras`;
/*!40101 SET @saved_cs_client     = @@character_set_client */;
/*!50503 SET character_set_client = utf8mb4 */;
CREATE TABLE `sold_extras` (
  `sell_id` int NOT NULL AUTO_INCREMENT,
  `extras_id` int NOT NULL,
  `extras_count` int NOT NULL,
  `completed_sell_id` int NOT NULL,
  PRIMARY KEY (`sell_id`),
  KEY `completed_sell_id` (`completed_sell_id`),
  KEY `fk_prices` (`extras_id`),
  CONSTRAINT `fk_prices` FOREIGN KEY (`extras_id`) REFERENCES `prices` (`id`) ON DELETE CASCADE,
  CONSTRAINT `sold_extras_ibfk_1` FOREIGN KEY (`completed_sell_id`) REFERENCES `completed_sells` (`sell_id`) ON DELETE CASCADE
) ENGINE=InnoDB DEFAULT CHARSET=utf8mb4 COLLATE=utf8mb4_0900_ai_ci;
/*!40101 SET character_set_client = @saved_cs_client */;

--
-- Dumping data for table `sold_extras`
--

LOCK TABLES `sold_extras` WRITE;
/*!40000 ALTER TABLE `sold_extras` DISABLE KEYS */;
/*!40000 ALTER TABLE `sold_extras` ENABLE KEYS */;
UNLOCK TABLES;

--
-- Table structure for table `sold_seats`
--

DROP TABLE IF EXISTS `sold_seats`;
/*!40101 SET @saved_cs_client     = @@character_set_client */;
/*!50503 SET character_set_client = utf8mb4 */;
CREATE TABLE `sold_seats` (
  `seat_id` int NOT NULL AUTO_INCREMENT,
  `schedule_id` int DEFAULT NULL,
  `seat_row` varchar(10) NOT NULL,
  `seat_col` int NOT NULL,
  `customer_name` varchar(100) NOT NULL,
  `customer_age` int NOT NULL,
  `sell_id` int DEFAULT NULL,
  PRIMARY KEY (`seat_id`),
  KEY `fk_completed_sells` (`sell_id`),
  KEY `schedule_id` (`schedule_id`),
  CONSTRAINT `fk_completed_sells` FOREIGN KEY (`sell_id`) REFERENCES `completed_sells` (`sell_id`),
  CONSTRAINT `schedule_id` FOREIGN KEY (`schedule_id`) REFERENCES `sessions` (`schedule_id`) ON DELETE SET NULL ON UPDATE RESTRICT
) ENGINE=InnoDB AUTO_INCREMENT=7 DEFAULT CHARSET=utf8mb4 COLLATE=utf8mb4_0900_ai_ci;
/*!40101 SET character_set_client = @saved_cs_client */;

--
-- Dumping data for table `sold_seats`
--

LOCK TABLES `sold_seats` WRITE;
/*!40000 ALTER TABLE `sold_seats` DISABLE KEYS */;
INSERT INTO `sold_seats` VALUES (1,NULL,'B',3,'Meriç Ütkü',22,NULL),(2,NULL,'D',1,'Berkay Arıkan',21,NULL),(3,NULL,'F',7,'Ege Kaptanoğlu',22,NULL),(4,NULL,'A',2,'Mehmet Enes Oy',21,NULL),(5,NULL,'D',5,'Berke Doğan',22,NULL);
/*!40000 ALTER TABLE `sold_seats` ENABLE KEYS */;
UNLOCK TABLES;

--
-- Table structure for table `users`
--

DROP TABLE IF EXISTS `users`;
/*!40101 SET @saved_cs_client     = @@character_set_client */;
/*!50503 SET character_set_client = utf8mb4 */;
CREATE TABLE `users` (
  `id` int NOT NULL AUTO_INCREMENT,
  `username` varchar(50) NOT NULL,
  `password` varchar(255) NOT NULL,
  `role` enum('cashier','admin','manager') DEFAULT NULL,
  `name` varchar(100) NOT NULL,
  `surname` varchar(100) NOT NULL,
  PRIMARY KEY (`id`),
  UNIQUE KEY `username` (`username`)
) ENGINE=InnoDB AUTO_INCREMENT=4 DEFAULT CHARSET=utf8mb4 COLLATE=utf8mb4_0900_ai_ci;
/*!40101 SET character_set_client = @saved_cs_client */;

--
-- Dumping data for table `users`
--

LOCK TABLES `users` WRITE;
/*!40000 ALTER TABLE `users` DISABLE KEYS */;
INSERT INTO `users` VALUES (1,'cashier1','cashier1','cashier','default','cashier'),(2,'admin1','admin1','admin','default','admin'),(3,'manager1','manager1','manager','default','manager');
/*!40000 ALTER TABLE `users` ENABLE KEYS */;
UNLOCK TABLES;
/*!40103 SET TIME_ZONE=@OLD_TIME_ZONE */;

/*!40101 SET SQL_MODE=@OLD_SQL_MODE */;
/*!40014 SET FOREIGN_KEY_CHECKS=@OLD_FOREIGN_KEY_CHECKS */;
/*!40014 SET UNIQUE_CHECKS=@OLD_UNIQUE_CHECKS */;
/*!40101 SET CHARACTER_SET_CLIENT=@OLD_CHARACTER_SET_CLIENT */;
/*!40101 SET CHARACTER_SET_RESULTS=@OLD_CHARACTER_SET_RESULTS */;
/*!40101 SET COLLATION_CONNECTION=@OLD_COLLATION_CONNECTION */;
/*!40111 SET SQL_NOTES=@OLD_SQL_NOTES */;

-- Dump completed on 2025-01-09 19:09:26
